"Scenario","ReportingRate","PestLoss","GovernmentCost","SocialCost","PestLossReduction"
"Baseline",0.275,1709451.94567935,0,1709451.94567935,0
"Compensation only",0.385,1553161.84267866,23100,1576261.84267866,156290.103000691
"Monitoring only",0.45,1517733.86738586,0,1517733.86738586,191718.078293486
"Combined policy",0.635,1388572.61844563,38100,1426672.61844563,320879.327233715
